Solver,Type,MaxStepUsed,NumSteps,SimTime_sec
ode15s,Stiff,0.000322494392267836,786,0.3095075
ode23s,Stiff,0.01,628,0.3858766
ode23t,Stiff,0.000595887488780644,988,0.2646795
ode23tb,Stiff,0.00489785555090075,721,0.2686737
ode23,Nonstiff,1.24446902654867e-07,2520509,33.9230537
ode45,Nonstiff,1.34287499000031e-07,1908291,26.8131025
ode113,Nonstiff,7.94226826132671e-07,3933815,32.9586909
ode5,Fixed-step,1.00000000002876e-07,2000001,19.2959752
ode8,Fixed-step,1.00000000002876e-07,2000001,28.4133949
ode14x,Fixed-step,0.000100000000000017,2001,0.3261595
